City_ID,City,Country,Date,Lat,Lng,Max Temp,Humidity,Cloudiness,Wind Speed
0,Karuzi,BI,2022-07-22 12:33:08,-3.125,30.1333,79.21,31,71,7.34
1,Bandarbeyla,SO,2022-07-22 12:33:09,9.4942,50.8122,80.28,71,100,32.21
2,Rikitea,PF,2022-07-22 12:32:47,-23.1203,-134.9692,72.3,80,100,8.14
3,New Norfolk,AU,2022-07-22 12:33:09,-42.7826,147.0587,49.5,97,100,2.95
4,Celles,BE,2022-07-22 12:33:10,50.7123,3.4573,72.99,59,100,1.99
5,Nanortalik,GL,2022-07-22 12:33:10,60.1432,-45.2371,48.22,79,22,4.56
6,Hasaki,JP,2022-07-22 12:33:11,35.7333,140.8333,81.28,91,52,19.75
7,Inta,RU,2022-07-22 12:33:11,66.0317,60.1659,51.26,64,100,7.07
8,Baijiantan,CN,2022-07-22 12:33:11,45.6333,85.1833,102.15,12,46,15.64
9,Touros,BR,2022-07-22 12:28:53,-5.1989,-35.4608,79.79,74,76,11.68
10,Albany,US,2022-07-22 12:31:23,42.6001,-73.9662,78.31,72,0,2.89
11,Banda Aceh,ID,2022-07-22 12:33:12,5.5577,95.3222,80.06,83,100,6.89
12,Mataura,NZ,2022-07-22 12:33:13,-46.1927,168.8643,38.48,98,12,2.44
13,Bengkulu,ID,2022-07-22 12:33:13,-3.8004,102.2655,78.94,86,100,7.83
14,Tasiilaq,GL,2022-07-22 12:33:14,65.6145,-37.6368,39.36,79,77,1.39
15,Hilo,US,2022-07-22 12:31:03,19.7297,-155.09,72.28,91,100,3.0
16,Tuktoyaktuk,CA,2022-07-22 12:33:14,69.4541,-133.0374,51.67,81,97,7.7
17,Butaritari,KI,2022-07-22 12:33:15,3.0707,172.7902,80.71,79,81,9.01
18,Vaini,TO,2022-07-22 12:33:15,-21.2,-175.2,69.96,94,20,5.75
19,Concordia,AR,2022-07-22 12:30:02,-31.393,-58.0209,59.07,94,100,4.0
20,Cherskiy,RU,2022-07-22 12:33:13,68.75,161.3,32.2,95,32,9.57
21,Yellowknife,CA,2022-07-22 12:30:51,62.456,-114.3525,57.72,82,75,2.3
22,Ponta Do Sol,PT,2022-07-22 12:33:16,32.6667,-17.1,80.71,68,0,3.62
23,Cap Estate,LC,2022-07-22 12:33:17,14.0833,-60.95,82.02,74,57,17.69
24,Torbay,CA,2022-07-22 12:33:17,47.6666,-52.7314,72.88,72,40,5.75
25,Nabire,ID,2022-07-22 12:30:18,-3.3667,135.4833,76.12,90,94,2.93
26,Wladyslawowo,PL,2022-07-22 12:33:18,54.7909,18.4009,80.15,82,61,10.6
27,Ribeira Grande,PT,2022-07-22 12:28:48,38.5167,-28.7,75.6,88,40,8.05
28,Nishihara,JP,2022-07-22 12:33:19,26.1842,127.7558,85.68,81,75,13.8
29,Port Elizabeth,ZA,2022-07-22 12:33:19,-33.918,25.5701,73.31,44,0,4.61
30,Saint-Philippe,RE,2022-07-22 12:33:20,-21.3585,55.7679,74.79,75,24,11.74
31,Atuona,PF,2022-07-22 12:33:20,-9.8,-139.0333,76.66,73,0,14.52
32,Kiama,AU,2022-07-22 12:33:20,-34.6833,150.8667,60.01,91,69,9.98
33,Flin Flon,CA,2022-07-22 12:33:21,54.7682,-101.865,53.44,94,100,9.22
34,Cape Town,ZA,2022-07-22 12:28:33,-33.9258,18.4232,65.37,66,40,14.97
35,Saint-Joseph,RE,2022-07-22 12:33:22,-21.3667,55.6167,73.78,72,29,12.19
36,Hermanus,ZA,2022-07-22 12:33:22,-34.4187,19.2345,61.81,58,61,15.88
37,Port Lincoln,AU,2022-07-22 12:30:51,-34.7333,135.8667,53.01,66,88,7.25
38,Pevek,RU,2022-07-22 12:33:23,69.7008,170.3133,31.42,92,100,3.02
39,Yueyang,CN,2022-07-22 12:33:23,29.3333,113.0919,86.14,70,32,10.38
40,Los Llanos De Aridane,ES,2022-07-22 12:33:23,28.6585,-17.9182,77.13,76,20,19.57
41,Bluff,NZ,2022-07-22 12:33:24,-46.6,168.3333,38.8,81,100,8.3
42,Sao Filipe,CV,2022-07-22 12:33:24,14.8961,-24.4956,75.58,81,60,7.54
43,Asyut,EG,2022-07-22 12:34:25,27.181,31.1837,96.98,15,4,18.19
44,Abalak,RU,2022-07-22 12:34:25,58.1286,68.5944,65.03,72,10,10.22
45,Otane,NZ,2022-07-22 12:34:25,-39.8833,176.6333,42.01,86,100,4.23
46,Jaru,BR,2022-07-22 12:34:26,-10.4389,-62.4664,83.35,43,0,2.42
47,Zhangye,CN,2022-07-22 12:34:26,38.9342,100.4517,78.57,22,11,5.61
48,Corinto,GR,2022-07-22 12:34:26,37.9407,22.9573,96.89,22,0,5.17
49,Avarua,CK,2022-07-22 12:34:27,-21.2078,-159.775,75.25,78,75,17.27
50,Barrow,US,2022-07-22 12:34:27,71.2906,-156.7887,37.42,93,100,13.8
51,Hit,IQ,2022-07-22 12:34:28,33.6416,42.8251,108.21,10,0,16.22
52,Samfya,ZM,2022-07-22 12:34:28,-11.3649,29.5565,79.41,29,52,2.73
53,Georgetown,MY,2022-07-22 12:33:54,5.4112,100.3354,85.95,78,20,8.05
54,Qui Nhon,VN,2022-07-22 12:34:29,13.7667,109.2333,80.47,80,100,4.18
55,Ushuaia,AR,2022-07-22 12:31:04,-54.8,-68.3,33.46,100,100,31.07
56,Santa Rosa,PH,2022-07-22 12:31:52,14.3122,121.1114,84.18,82,12,7.34
57,Santa Cruz,BO,2022-07-22 12:34:30,-17.8,-63.1667,69.85,83,75,9.22
58,Kailua,US,2022-07-22 12:34:30,21.4022,-157.7394,78.78,76,20,8.05
59,Farafenni,GM,2022-07-22 12:34:31,13.5667,-15.6,82.78,75,100,12.03
60,Poum,NC,2022-07-22 12:34:31,-20.2333,164.0167,76.95,91,22,20.45
61,Victoria,HK,2022-07-22 12:32:38,22.2855,114.1577,92.17,76,0,11.01
62,Bosaso,SO,2022-07-22 12:34:31,11.2842,49.1816,91.38,58,0,11.5
63,Champerico,GT,2022-07-22 12:34:32,14.3,-91.9167,73.94,87,80,4.9
64,Almaznyy,RU,2022-07-22 12:34:32,48.0448,40.045,74.89,42,83,11.1
65,Yulara,AU,2022-07-22 12:34:32,-25.2406,130.9889,61.99,32,64,8.25
66,San Patricio,US,2022-07-22 12:34:33,28.017,-97.5169,84.88,75,100,9.13
67,Busselton,AU,2022-07-22 12:34:33,-33.65,115.3333,58.98,81,97,14.52
68,Ilulissat,GL,2022-07-22 12:34:34,69.2167,-51.1,46.42,100,75,5.75
69,Clyde River,CA,2022-07-22 12:34:34,70.4692,-68.5914,52.03,71,100,19.57
70,Saint George,US,2022-07-22 12:30:47,37.1041,-113.5841,84.79,29,0,5.75
71,Castro,BR,2022-07-22 12:29:51,-24.7911,-50.0119,63.73,71,85,2.42
72,Punta Arenas,CL,2022-07-22 12:31:24,-53.15,-70.9167,35.71,75,0,32.21
73,Talnakh,RU,2022-07-22 12:34:35,69.4865,88.3972,72.21,50,58,10.09
74,Arraial Do Cabo,BR,2022-07-22 12:31:27,-22.9661,-42.0278,73.36,83,20,17.27
75,Saint Anthony,US,2022-07-22 12:34:36,45.0205,-93.218,75.13,62,75,10.36
76,Nikolskoye,RU,2022-07-22 12:32:41,59.7035,30.7861,84.87,33,74,4.07
77,Wad Madani,SD,2022-07-22 12:34:36,14.4012,33.5199,94.08,36,54,7.45
78,Kapaa,US,2022-07-22 12:34:37,22.0752,-159.319,77.32,84,40,17.27
79,Hofn,IS,2022-07-22 12:34:37,64.2539,-15.2082,55.42,76,75,6.91
80,Bayonet Point,US,2022-07-22 12:34:37,28.3267,-82.6834,84.94,90,12,3.0
81,Necochea,AR,2022-07-22 12:34:38,-38.5473,-58.7368,47.55,75,99,2.48
82,Svetlaya,RU,2022-07-22 12:34:38,46.5389,138.3297,59.2,95,100,10.67
83,Northam,GB,2022-07-22 12:34:39,51.0333,-4.2167,64.38,69,23,12.91
84,Dikson,RU,2022-07-22 12:33:09,73.5069,80.5464,51.71,71,100,10.65
85,Szubin,PL,2022-07-22 12:34:39,53.0097,17.74,81.41,47,0,11.5
86,Baglung,NP,2022-07-22 12:34:39,28.2719,83.5898,73.63,95,100,1.61
87,Bethel,US,2022-07-22 12:33:50,41.3712,-73.414,82.76,74,0,3.0
88,Kyakhta,RU,2022-07-22 12:34:40,50.3508,106.4494,56.35,94,91,3.83
89,Susanville,US,2022-07-22 12:30:52,40.4163,-120.653,55.24,35,0,0.0
90,Khatanga,RU,2022-07-22 12:31:28,71.9667,102.5,54.7,76,100,15.77
91,Codrington,AU,2022-07-22 12:35:41,-38.2667,141.9667,54.99,67,100,9.64
92,Port Alfred,ZA,2022-07-22 12:35:41,-33.5906,26.891,77.67,35,8,8.14
93,Klaksvik,FO,2022-07-22 12:35:42,62.2266,-6.589,54.52,78,94,8.19
94,Saskylakh,RU,2022-07-22 12:35:42,71.9167,114.0833,54.1,62,100,7.56
95,Kobryn,BY,2022-07-22 12:35:42,52.2138,24.3564,85.98,42,7,1.54
96,Lieksa,FI,2022-07-22 12:35:43,63.3167,30.0167,76.89,48,97,9.89
97,Lapi,PH,2022-07-22 12:35:43,17.716,121.8978,78.6,92,5,3.31
98,Jamestown,US,2022-07-22 12:32:20,42.097,-79.2353,75.02,91,20,5.75
99,Pundaguitan,PH,2022-07-22 12:35:44,6.3711,126.1689,82.67,76,33,7.47
100,Karpathos,GR,2022-07-22 12:35:44,35.507,27.2132,84.16,51,0,29.93
101,Vila Franca Do Campo,PT,2022-07-22 12:35:44,37.7167,-25.4333,72.01,64,93,3.11
102,Qaanaaq,GL,2022-07-22 12:35:45,77.484,-69.3632,40.91,88,100,7.16
103,Victor Harbor,AU,2022-07-22 12:35:45,-35.5667,138.6167,56.68,90,100,6.87
104,Dong Hoi,VN,2022-07-22 12:35:46,17.4833,106.6,81.93,82,100,9.46
105,Pindiga,NG,2022-07-22 12:35:46,9.9833,10.9333,82.72,62,99,7.83
106,Hervey Bay,AU,2022-07-22 12:35:47,-25.2986,152.8535,63.27,85,83,21.85
107,Pisco,PE,2022-07-22 12:34:51,-13.7,-76.2167,51.85,87,4,5.75
108,Bredasdorp,ZA,2022-07-22 12:35:47,-34.5322,20.0403,65.41,40,100,10.11
109,Kaitangata,NZ,2022-07-22 12:35:48,-46.2817,169.8464,42.6,88,100,6.17
110,Mumford,GH,2022-07-22 12:35:48,5.2618,-0.759,77.36,74,37,10.74
111,Cabo San Lucas,MX,2022-07-22 12:35:48,22.8909,-109.9124,91.71,46,0,11.5
112,Te Anau,NZ,2022-07-22 12:35:49,-45.4167,167.7167,36.7,94,76,2.37
113,Faanui,PF,2022-07-22 12:32:50,-16.4833,-151.75,77.16,74,8,9.73
114,Mar Del Plata,AR,2022-07-22 12:31:53,-38.0023,-57.5575,51.1,65,0,2.3
115,Bilma,NE,2022-07-22 12:35:50,18.6853,12.9164,104.77,17,86,2.68
116,Thanh Hoa,VN,2022-07-22 12:35:50,19.8,105.7667,79.14,89,47,5.12
117,Price,US,2022-07-22 12:35:50,39.5994,-110.8107,71.11,34,0,5.75
118,Pangani,TZ,2022-07-22 12:35:51,-5.4333,38.9667,77.56,64,6,8.57
119,Gorontalo,ID,2022-07-22 12:35:51,0.5412,123.0595,76.03,92,15,3.47
120,Grindavik,IS,2022-07-22 12:35:52,63.8424,-22.4338,57.15,87,100,3.44
121,Roald,NO,2022-07-22 12:35:52,62.5833,6.1333,63.16,76,75,12.66
122,Mayya,RU,2022-07-22 12:35:52,61.7333,130.2811,72.72,81,99,4.09
123,High Point,US,2022-07-22 12:35:53,35.9557,-80.0053,76.98,78,100,0.0
124,Salalah,OM,2022-07-22 12:35:53,17.0151,54.0924,80.69,83,75,10.36
125,Sola,VU,2022-07-22 12:35:53,-13.8833,167.55,81.27,89,100,4.61
126,Christiana,ZA,2022-07-22 12:35:54,-27.914,25.1611,68.54,31,66,13.18
127,Hamilton,US,2022-07-22 12:33:12,39.1834,-84.5333,77.86,82,0,8.05
128,Aripuana,BR,2022-07-22 12:34:25,-9.1667,-60.6333,82.76,43,1,3.6
129,Olafsvik,IS,2022-07-22 12:34:04,64.8945,-23.7142,52.36,84,100,6.17
130,Ucluelet,CA,2022-07-22 12:35:56,48.9329,-125.5528,58.08,92,99,1.1
131,Waddan,LY,2022-07-22 12:35:56,29.1614,16.139,91.22,20,0,6.44
132,Chokurdakh,RU,2022-07-22 12:35:58,70.6333,147.9167,44.35,73,100,13.47
133,Upington,ZA,2022-07-22 12:35:58,-28.4478,21.2561,79.18,18,0,10.36
134,Lavrentiya,RU,2022-07-22 12:35:59,65.5833,-171.0,37.67,88,56,11.74
135,Aklavik,CA,2022-07-22 12:35:59,68.2191,-135.0107,57.79,73,33,3.38
136,Lima,PE,2022-07-22 12:32:30,-12.0432,-77.0282,57.45,82,100,8.05
137,Cidreira,BR,2022-07-22 12:36:59,-30.1811,-50.2056,65.05,89,76,4.0
138,Norman Wells,CA,2022-07-22 12:37:00,65.282,-126.8329,50.04,93,40,2.3
139,Leningradskiy,RU,2022-07-22 12:37:00,69.3833,178.4167,32.49,96,98,7.09
140,Aransas Pass,US,2022-07-22 12:37:01,27.9095,-97.15,85.01,87,0,5.75
141,Avera,US,2022-07-22 12:37:01,33.194,-82.5271,77.05,83,100,6.44
142,Batagay-Alyta,RU,2022-07-22 12:37:01,67.8006,130.4114,62.42,83,100,4.5
143,Presidente Medici,BR,2022-07-22 12:37:02,-11.1753,-61.9014,82.87,38,0,2.59
144,Pangoa,PE,2022-07-22 12:37:02,-12.1167,-73.0,75.33,71,40,1.01
145,Williamsburg,US,2022-07-22 12:32:27,37.2707,-76.7075,79.92,95,75,5.75
146,Port Blair,IN,2022-07-22 12:33:20,11.6667,92.75,78.84,89,100,4.61
147,San Miguel,SV,2022-07-22 12:37:03,13.4833,-88.1833,74.86,100,40,3.44
148,Usvyaty,RU,2022-07-22 12:37:04,55.7456,30.7533,78.8,37,5,4.41
149,Gat,IL,2022-07-22 12:37:03,31.61,34.7642,92.39,37,0,14.61
150,Kahului,US,2022-07-22 12:37:04,20.8947,-156.47,76.84,78,0,11.5
151,Sesheke,ZM,2022-07-22 12:37:04,-17.4759,24.2968,80.35,22,100,5.73
152,East London,ZA,2022-07-22 12:37:05,-33.0153,27.9116,70.74,40,0,2.3
153,Baringo,KE,2022-07-22 12:37:05,0.4667,35.9667,87.08,32,29,9.91
154,Lebu,CL,2022-07-22 12:34:02,-37.6167,-73.65,53.29,97,100,8.46
155,Petauke,ZM,2022-07-22 12:37:06,-14.2426,31.3253,75.49,31,100,8.79
156,Kokopo,PG,2022-07-22 12:37:06,-4.352,152.2633,78.22,81,42,2.84
157,Komsomolskiy,UZ,2022-07-22 12:37:07,40.4272,71.7189,104.72,13,0,4.61
158,Lufilufi,WS,2022-07-22 12:37:07,-13.8745,-171.5986,69.58,78,53,12.39
159,Tomatlan,MX,2022-07-22 12:37:07,19.9333,-105.25,78.62,92,97,2.53
160,Nome,US,2022-07-22 12:34:01,64.5011,-165.4064,46.47,93,100,5.75
161,Portobelo,PA,2022-07-22 12:37:08,9.55,-79.65,77.95,85,83,4.63
162,Kumluca,TR,2022-07-22 12:37:08,36.3703,30.2869,89.26,39,0,11.59
163,Mnogovershinnyy,RU,2022-07-22 12:37:09,53.9353,139.9242,49.96,79,75,5.03
164,Marietta,US,2022-07-22 12:37:09,33.9526,-84.5499,73.0,95,100,1.01
165,Lagos,NG,2022-07-22 12:35:49,6.5833,3.75,83.71,65,97,8.99
166,Manzanillo,CU,2022-07-22 12:37:09,20.3433,-77.1167,79.56,77,1,7.43
167,Muskogee,US,2022-07-22 12:37:10,35.5834,-95.3336,75.34,90,0,0.0
168,Kavaratti,IN,2022-07-22 12:37:10,10.5669,72.642,81.27,81,100,19.82
169,Olinda,BR,2022-07-22 12:37:07,-8.0089,-34.8553,74.93,83,75,8.05
170,Sao Felix Do Xingu,BR,2022-07-22 12:37:11,-6.6447,-51.995,85.28,35,89,3.67
171,Ahipara,NZ,2022-07-22 12:37:11,-35.1667,173.1667,50.04,89,93,5.75
172,Hobart,AU,2022-07-22 12:37:12,-42.8794,147.3294,49.86,76,75,8.05
173,Dno,RU,2022-07-22 12:37:12,57.8277,29.9637,80.15,41,16,2.08
174,La Rioja,ES,2022-07-22 12:37:12,42.25,-2.5,76.78,38,100,10.18
175,Tazmalt,DZ,2022-07-22 12:37:13,36.3868,4.3989,102.27,17,1,6.15
176,Kodiak,US,2022-07-22 12:35:19,57.79,-152.4072,49.51,66,75,10.36
177,Lasa,IT,2022-07-22 12:37:13,46.6166,10.7002,90.7,46,45,4.94
178,Dezhou,CN,2022-07-22 12:37:14,37.4486,116.2925,70.41,95,100,8.57
179,Vestmannaeyjar,IS,2022-07-22 12:37:14,63.4427,-20.2734,50.99,100,100,8.05
180,Batemans Bay,AU,2022-07-22 12:37:15,-35.7167,150.1833,54.1,85,13,2.95
181,Rochegda,RU,2022-07-22 12:37:15,62.8,43.25,80.69,46,99,6.53
182,Samarai,PG,2022-07-22 12:37:16,-10.6167,150.6667,80.71,79,29,5.06
183,Zhezkazgan,KZ,2022-07-22 12:37:16,47.8043,67.7144,85.98,19,40,8.95
184,Taoudenni,ML,2022-07-22 12:38:16,22.6783,-3.9836,107.28,17,5,2.24
185,Narsaq,GL,2022-07-22 12:38:17,60.9167,-46.05,53.82,57,62,2.04
186,Kirkuk,IQ,2022-07-22 12:35:00,35.4681,44.3922,104.81,9,0,16.35
187,Balingen,DE,2022-07-22 12:38:17,48.2752,8.8546,87.24,36,1,3.0
188,Naze,JP,2022-07-22 12:38:18,28.3667,129.4833,79.72,86,95,7.7
189,Mahajanga,MG,2022-07-22 12:38:18,-15.7167,46.3167,86.02,39,20,9.22
190,Tuni,IN,2022-07-22 12:38:18,17.35,82.55,83.44,76,100,12.91
191,Sur,OM,2022-07-22 12:35:21,22.5667,59.5289,95.76,54,17,3.09
192,Imbituba,BR,2022-07-22 12:38:19,-28.24,-48.6703,69.1,89,78,6.35
193,Sitka,US,2022-07-22 12:38:19,57.0531,-135.33,53.49,82,100,0.0
194,Faya,SA,2022-07-22 12:38:20,18.3851,42.4509,87.91,33,44,8.46
195,Mato Verde,BR,2022-07-22 12:38:20,-15.3972,-42.8664,75.63,51,24,8.5
196,Iqaluit,CA,2022-07-22 12:38:21,63.7506,-68.5145,42.53,100,75,2.3
197,Provideniya,RU,2022-07-22 12:38:21,64.3833,-173.3,40.5,84,89,9.17
198,Pahrump,US,2022-07-22 12:37:21,36.2083,-115.9839,82.45,23,16,3.85
199,Nemuro,JP,2022-07-22 12:38:22,43.3236,145.575,61.21,87,100,4.09
200,Meulaboh,ID,2022-07-22 12:38:22,4.1363,96.1285,79.86,84,100,6.71
201,Alice Springs,AU,2022-07-22 12:38:23,-23.7,133.8833,54.95,33,0,6.91
202,Tiksi,RU,2022-07-22 12:38:23,71.6872,128.8694,43.43,78,85,9.71
203,Cocobeach,GA,2022-07-22 12:38:23,1.0002,9.5823,77.2,76,55,13.42
204,Saldanha,ZA,2022-07-22 12:38:24,-33.0117,17.9442,64.45,69,100,5.97
205,Bonnyville,CA,2022-07-22 12:35:38,54.2668,-110.735,56.52,87,80,10.87
206,Dali,CN,2022-07-22 12:38:24,25.7,100.1833,68.16,78,100,2.64
207,Katghora,IN,2022-07-22 12:38:25,22.5,82.55,81.52,83,100,1.32
208,Hay River,CA,2022-07-22 12:38:25,60.8156,-115.7999,57.18,82,75,3.44
209,Ancud,CL,2022-07-22 12:38:25,-41.8697,-73.8203,39.22,92,100,8.88
210,Coruripe,BR,2022-07-22 12:34:07,-10.1256,-36.1756,76.59,82,43,11.25
211,Arlit,NE,2022-07-22 12:38:26,18.7369,7.3853,105.28,11,100,5.82
212,Nha Trang,VN,2022-07-22 12:38:26,12.25,109.1833,82.4,84,100,3.2
213,Bacolod,PH,2022-07-22 12:38:27,10.6667,122.95,79.72,86,68,5.23
214,Bratsk,RU,2022-07-22 12:38:27,56.1325,101.6142,73.89,71,100,7.07
215,Harper,LR,2022-07-22 12:38:28,4.375,-7.7169,80.91,60,66,8.72
216,Muros,ES,2022-07-22 12:38:28,42.7762,-9.0603,80.17,64,24,14.65
217,Slave Lake,CA,2022-07-22 12:38:26,55.2834,-114.769,51.78,93,20,9.22
218,Puerto Ayora,EC,2022-07-22 12:38:29,-0.7393,-90.3518,67.96,98,61,1.01
219,Dubai,AE,2022-07-22 12:38:29,25.2582,55.3047,107.89,44,0,16.11
220,Kano,NG,2022-07-22 12:38:29,12.0001,8.5167,92.21,39,14,2.84
221,Nzega,RW,2022-07-22 12:38:30,-2.479,29.5564,70.34,39,98,6.2
222,Novorzhev,RU,2022-07-22 12:38:30,57.0294,29.3338,80.19,38,6,4.12
223,San Cristobal,VE,2022-07-22 12:38:30,7.7669,-72.225,68.18,63,100,4.32
224,Matagami,CA,2022-07-22 12:38:31,49.7502,-77.6328,60.91,94,0,6.91
225,Buturlino,RU,2022-07-22 12:38:31,55.5667,44.8974,72.09,67,86,8.14
226,San Juan Del Cesar,CO,2022-07-22 12:38:32,10.7711,-73.0031,77.95,72,96,2.51
227,Chabahar,IR,2022-07-22 12:38:32,25.2919,60.643,84.94,78,33,13.15
228,Carnarvon,AU,2022-07-22 12:38:32,-24.8667,113.6333,66.25,55,0,17.56
229,Keti Bandar,PK,2022-07-22 12:38:33,24.1447,67.4497,85.78,79,85,16.46
230,Souillac,MU,2022-07-22 12:38:33,-20.5167,57.5167,71.98,73,75,12.66
231,Beihai,CN,2022-07-22 12:39:34,21.4833,109.1,86.2,71,0,7.45
232,Mangan,IN,2022-07-22 12:38:04,27.5167,88.5333,76.35,96,53,0.45
233,Labrea,BR,2022-07-22 12:39:34,-7.2586,-64.7981,82.81,63,3,2.53
234,Qaqortoq,GL,2022-07-22 12:39:35,60.7167,-46.0333,51.46,71,15,3.42
235,Bilibino,RU,2022-07-22 12:36:27,68.0546,166.4372,37.2,81,100,3.15
236,Mahebourg,MU,2022-07-22 12:39:35,-20.4081,57.7,74.25,73,75,12.66
237,Bria,CF,2022-07-22 12:39:36,6.5423,21.9863,70.84,97,100,5.32
238,San Joaquin,US,2022-07-22 12:39:36,37.9333,-121.3011,70.05,56,0,0.0
239,Mus,TR,2022-07-22 12:39:36,39.0,41.75,86.04,18,5,8.97
240,Pangai,TO,2022-07-22 12:39:37,-19.8,-174.35,75.31,83,20,4.61
241,Severo-Kurilsk,RU,2022-07-22 12:39:37,50.6789,156.125,53.17,95,100,13.09
242,Kayanga,TZ,2022-07-22 12:39:37,-1.5303,31.1511,80.33,26,36,7.87
243,Okhotsk,RU,2022-07-22 12:39:38,59.3833,143.3,55.9,91,100,5.23
244,Autun,FR,2022-07-22 12:39:38,46.95,4.3,87.69,30,100,4.07
245,Katsuura,JP,2022-07-22 12:39:39,35.1333,140.3,78.48,90,96,20.96
246,Tessalit,ML,2022-07-22 12:39:39,20.1986,1.0114,101.41,18,6,7.38
247,Arrecife,ES,2022-07-22 12:39:39,28.963,-13.5477,84.18,58,20,24.16
248,Krasnoselkup,RU,2022-07-22 12:35:17,65.7,82.4667,60.51,73,100,7.83
249,Muyezerskiy,RU,2022-07-22 12:39:40,63.9333,31.65,81.55,42,100,13.38
250,Singkang,MY,2022-07-22 12:39:40,2.1006,102.7994,76.55,93,100,2.42
251,Port Augusta,AU,2022-07-22 12:39:41,-32.5,137.7667,56.5,63,100,7.34
252,Ballater,GB,2022-07-22 12:39:41,57.0493,-3.0402,63.55,69,100,4.41
253,Kulhudhuffushi,MV,2022-07-22 12:39:41,6.6221,73.07,81.82,80,100,16.98
254,Rio Gallegos,AR,2022-07-22 12:39:42,-51.6226,-69.2181,32.05,80,0,24.16
255,Port-Gentil,GA,2022-07-22 12:39:42,-0.7193,8.7815,80.56,74,75,13.8
256,Namatanai,PG,2022-07-22 12:39:43,-3.6667,152.4333,79.81,83,100,6.46
257,Sire,NG,2022-07-22 12:39:43,12.9299,5.2043,92.19,41,100,2.53
258,Champasak,LA,2022-07-22 12:39:44,14.75,106.0,86.88,89,81,0.76
259,Zainsk,RU,2022-07-22 12:39:44,55.3195,52.0694,77.99,54,12,4.81
260,Birao,CF,2022-07-22 12:39:44,10.2849,22.7882,83.08,63,100,2.28
261,Zaranj,AF,2022-07-22 12:39:45,30.9667,61.8833,114.76,5,0,16.06
262,Berlevag,NO,2022-07-22 12:39:45,70.8578,29.0864,55.35,82,100,14.97
263,Kamiiso,JP,2022-07-22 12:39:46,41.8167,140.65,67.37,98,100,5.88
264,Pangnirtung,CA,2022-07-22 12:39:46,66.1451,-65.7125,48.2,87,20,2.3
265,Lorengau,PG,2022-07-22 12:39:46,-2.0226,147.2712,82.08,79,98,7.72
266,Cayenne,GF,2022-07-22 12:37:32,4.9333,-52.3333,84.24,79,5,2.3
267,Petropavlovsk-Kamchatskiy,RU,2022-07-22 12:35:19,53.0452,158.6483,57.79,77,75,6.71
268,Morondava,MG,2022-07-22 12:39:48,-20.2833,44.2833,77.43,55,0,11.45
269,Vardo,NO,2022-07-22 12:39:48,70.3705,31.1107,55.38,88,75,11.5
270,Vanavara,RU,2022-07-22 12:39:49,60.34,102.2797,66.54,63,77,6.4
271,Kant,IN,2022-07-22 12:39:49,27.8,79.8,91.13,58,84,7.83
272,Christchurch,NZ,2022-07-22 12:39:50,-43.5333,172.6333,39.47,100,75,3.44
273,Merauke,ID,2022-07-22 12:40:50,-8.4667,140.3333,76.24,87,37,10.67
274,Fuerte Olimpo,PY,2022-07-22 12:40:50,-21.0415,-57.8738,82.62,33,3,8.86
275,Luderitz,NA,2022-07-22 12:40:51,-26.6481,15.1594,66.07,59,7,15.35
276,Praia,CV,2022-07-22 12:39:48,14.9215,-23.5087,86.54,54,40,13.8
277,Walvis Bay,NA,2022-07-22 12:40:51,-22.9575,14.5053,65.08,38,0,16.82
278,Barra Patuca,HN,2022-07-22 12:40:52,15.8,-84.2833,79.88,87,100,13.13
279,Marion,US,2022-07-22 12:37:32,39.7684,-86.1555,77.38,82,20,9.22
280,Micheweni,TZ,2022-07-22 12:40:52,-4.9667,39.8333,78.49,66,0,12.55
281,Haines Junction,CA,2022-07-22 12:40:53,60.7522,-137.5108,49.95,57,100,4.61
282,Padang,ID,2022-07-22 12:40:53,-0.9492,100.3543,80.65,84,100,2.19
283,Lyubech,UA,2022-07-22 12:40:53,51.7026,30.6569,79.05,49,95,11.9
284,Cacu,BR,2022-07-22 12:40:54,-18.5567,-51.1308,80.64,35,11,11.43
285,Marawi,PH,2022-07-22 12:40:54,7.9986,124.2928,70.07,95,98,0.76
286,Jacareacanga,BR,2022-07-22 12:40:54,-6.2222,-57.7528,85.23,42,16,1.48
287,Zonguldak,TR,2022-07-22 12:40:55,41.25,31.8333,74.25,34,0,8.14
288,Hambantota,LK,2022-07-22 12:40:55,6.1241,81.1185,86.34,74,20,13.8
289,Coquimbo,CL,2022-07-22 12:40:56,-29.9533,-71.3436,53.33,87,100,2.3
290,Shalazhi,RU,2022-07-22 12:40:56,43.0978,45.3608,70.05,73,84,1.88
291,Obuasi,GH,2022-07-22 12:40:56,6.206,-1.6619,85.41,51,100,2.8
292,Hithadhoo,MV,2022-07-22 12:40:57,-0.6,73.0833,80.13,75,100,8.39
293,High Prairie,CA,2022-07-22 12:40:57,55.4334,-116.4858,48.13,87,19,3.04
294,Bambous Virieux,MU,2022-07-22 12:40:58,-20.3428,57.7575,74.21,73,75,12.66
295,Kingisepp,RU,2022-07-22 12:40:58,59.3733,28.6134,84.56,37,85,5.35
296,Salisbury,GB,2022-07-22 12:39:16,51.0693,-1.7957,71.82,62,75,8.05
297,Saint-Georges,GD,2022-07-22 12:36:36,12.0564,-61.7485,83.88,74,40,14.97
298,Saint-Augustin,CA,2022-07-22 12:40:59,51.226,-58.6502,63.09,72,100,14.03
299,Amuntai,ID,2022-07-22 12:40:59,-2.4177,115.2494,75.54,95,100,1.3
300,Grand Gaube,MU,2022-07-22 12:41:00,-20.0064,57.6608,74.37,66,21,10.0
301,Ust-Barguzin,RU,2022-07-22 12:41:00,53.45,108.9833,57.13,98,100,12.03
302,Sobolevo,RU,2022-07-22 12:41:00,54.4299,31.8996,74.53,55,11,8.23
303,Bloomington,US,2022-07-22 12:38:13,44.8408,-93.2983,75.52,67,75,6.91
304,Tambopata,PE,2022-07-22 12:41:01,-12.7333,-69.1833,69.69,94,75,0.0
305,Airai,TL,2022-07-22 12:41:01,-8.9266,125.4092,54.59,79,71,2.28
306,Umm Lajj,SA,2022-07-22 12:41:02,25.0213,37.2685,88.52,63,6,15.14
307,Puerto Madryn,AR,2022-07-22 12:40:26,-42.7692,-65.0385,39.51,58,100,5.64
308,Kavieng,PG,2022-07-22 12:41:02,-2.5744,150.7967,81.81,79,52,8.61
309,Tigil,RU,2022-07-22 12:41:02,57.8,158.6667,52.75,79,0,1.45
310,Tumsar,IN,2022-07-22 12:41:03,21.3833,79.7333,79.45,87,100,4.9
311,Sokoni,TZ,2022-07-22 12:41:03,-6.4333,39.55,82.26,72,3,15.59
312,Iracoubo,GF,2022-07-22 12:41:04,5.4802,-53.2011,79.38,84,15,5.99
313,Longyearbyen,SJ,2022-07-22 12:41:04,78.2186,15.6401,53.44,71,75,5.75
314,Kendari,ID,2022-07-22 12:41:04,-3.945,122.4989,76.17,84,78,4.79
315,Balabac,PH,2022-07-22 12:41:05,7.9868,117.0645,81.16,82,93,6.89
316,Hue,VN,2022-07-22 12:37:28,16.4667,107.6,84.31,74,20,8.05
317,Broken Hill,AU,2022-07-22 12:41:05,-31.95,141.4333,54.34,68,100,9.4
318,Okoneshnikovo,RU,2022-07-22 12:41:06,54.8377,75.0834,65.61,64,100,10.31
319,Concarneau,FR,2022-07-22 12:41:06,47.875,-3.9225,75.49,43,1,15.41
320,Sao Joao Da Barra,BR,2022-07-22 12:41:07,-21.6403,-41.0511,73.49,73,0,7.29
321,Dandong,CN,2022-07-22 12:38:13,40.1292,124.3947,72.07,95,98,5.66
322,Posevnaya,RU,2022-07-22 12:42:07,54.3006,83.3297,64.58,72,18,14.16
323,Fortuna,US,2022-07-22 12:42:08,40.5982,-124.1573,57.92,86,100,3.0
324,Thompson,CA,2022-07-22 12:38:25,55.7435,-97.8558,50.16,93,100,5.75
325,Tuatapere,NZ,2022-07-22 12:42:08,-46.1333,167.6833,40.69,94,67,3.09
326,Puerto Escondido,MX,2022-07-22 12:42:09,15.85,-97.0667,77.83,73,40,6.91
327,Nantucket,US,2022-07-22 12:42:09,41.2835,-70.0995,80.01,71,20,10.36
328,Fasa,IR,2022-07-22 12:38:01,28.9383,53.6482,103.24,15,40,9.22
329,Atar,MR,2022-07-22 12:42:10,20.5169,-13.0499,93.25,20,94,4.61
330,Port Hardy,CA,2022-07-22 12:42:10,50.6996,-127.4199,55.58,88,75,2.3
331,Ust-Maya,RU,2022-07-22 12:42:10,60.4167,134.5333,69.42,74,10,2.35
332,San Luis,AR,2022-07-22 12:42:11,-33.295,-66.3356,58.41,41,8,2.44
333,Santa Marinella,IT,2022-07-22 12:42:11,42.0345,11.8536,104.54,55,0,10.07
334,Alihe,CN,2022-07-22 12:42:12,50.5667,123.7167,64.9,86,0,1.68
335,Korla,CN,2022-07-22 12:39:15,41.7597,86.1469,94.42,15,0,14.32
336,Dunedin,NZ,2022-07-22 12:42:12,-45.8742,170.5036,44.8,73,100,1.01
337,Shimoda,JP,2022-07-22 12:42:13,34.6667,138.95,79.11,80,0,16.58
338,Portland,US,2022-07-22 12:41:54,45.5234,-122.6762,62.74,81,100,8.99
339,Saint-Francois,FR,2022-07-22 12:42:13,46.4154,3.9054,88.68,35,100,4.61
340,Pilar,BR,2022-07-22 12:42:14,-9.5972,-35.9567,76.93,85,94,8.66
341,Tigre,AR,2022-07-22 12:42:14,-34.426,-58.5796,53.22,96,100,8.05
342,Shimsk,RU,2022-07-22 12:42:15,58.212,30.7127,79.57,41,13,2.08
343,Astoria,US,2022-07-22 12:42:15,46.1879,-123.8313,57.92,95,100,5.75
344,Antofagasta,CL,2022-07-22 12:39:16,-23.65,-70.4,56.48,79,100,2.19
345,Ocos,GT,2022-07-22 12:42:16,14.5094,-92.1933,77.94,82,74,4.54
346,Pimentel,PE,2022-07-22 12:42:16,-6.8367,-79.9342,59.29,88,100,11.5
347,Puerto Del Rosario,ES,2022-07-22 12:42:17,28.5004,-13.8627,78.55,73,30,17.27
348,Kamaishi,JP,2022-07-22 12:42:17,39.2667,141.8833,72.46,100,100,5.26
349,Pokhara,NP,2022-07-22 12:42:18,28.2333,83.9833,74.62,93,100,0.65
350,Wanaka,NZ,2022-07-22 12:42:18,-44.7,169.15,23.4,91,14,2.57
351,Upernavik,GL,2022-07-22 12:42:18,72.7868,-56.1549,42.04,95,100,26.22
352,Medina,SA,2022-07-22 12:42:19,24.4686,39.6142,115.23,7,40,4.61
353,Jackson,US,2022-07-22 12:39:18,42.4165,-122.8345,60.04,81,0,1.99
354,Ekhabi,RU,2022-07-22 12:42:19,53.5102,142.9671,52.43,90,98,9.98
355,Chimore,BO,2022-07-22 12:42:20,-16.9833,-65.1333,75.54,59,13,1.25
356,Tuy Hoa,VN,2022-07-22 12:42:20,13.0833,109.3,78.35,85,100,3.15
357,Jatai,BR,2022-07-22 12:42:20,-17.8814,-51.7144,78.28,37,92,11.45
358,Yeppoon,AU,2022-07-22 12:42:21,-23.1333,150.7333,64.18,86,11,6.69
359,Moron,AR,2022-07-22 12:42:21,-34.6534,-58.6198,52.97,96,0,6.04
360,Cherbourg,FR,2022-07-22 12:42:22,49.6386,-1.6147,69.51,77,100,6.91
361,San Cosme Y Damian,PY,2022-07-22 12:42:22,-27.3167,-56.35,71.78,71,99,8.5
362,Wilmette,US,2022-07-22 12:42:22,42.0722,-87.7228,74.1,70,0,8.05
363,Margate,GB,2022-07-22 12:42:23,51.3813,1.3862,68.7,66,100,13.42
364,Inirida,CO,2022-07-22 12:42:23,3.8653,-67.9239,76.35,90,89,4.18
365,Dakar,SN,2022-07-22 12:39:04,14.6937,-17.4441,86.13,79,40,2.3
366,Kourou,GF,2022-07-22 12:42:24,5.1552,-52.6478,84.25,72,6,4.76
367,Zvenyhorodka,UA,2022-07-22 12:43:24,49.0787,30.9675,82.53,26,9,18.05
368,Kalemie,CD,2022-07-22 12:43:25,-5.9475,29.1947,80.46,43,32,9.33
369,Hualmay,PE,2022-07-22 12:43:25,-11.0964,-77.6139,61.56,79,83,2.8
370,Kuusamo,FI,2022-07-22 12:43:26,65.9667,29.1833,71.64,53,20,10.36
371,Vallenar,CL,2022-07-22 12:43:26,-28.5708,-70.7581,58.01,76,4,0.76
372,Labytnangi,RU,2022-07-22 12:43:26,66.6572,66.4183,50.88,71,100,12.15
373,Caravelas,BR,2022-07-22 12:43:27,-17.7125,-39.2481,73.63,82,85,3.49
374,Kalmunai,LK,2022-07-22 12:43:27,7.4167,81.8167,83.21,76,100,6.69
375,Henties Bay,NA,2022-07-22 12:43:28,-22.116,14.2845,69.21,50,0,10.04
376,Bambanglipuro,ID,2022-07-22 12:43:28,-7.95,110.2833,76.32,81,100,7.99
377,Tezu,IN,2022-07-22 12:43:28,27.9167,96.1667,77.4,85,100,2.73
378,Great Falls,US,2022-07-22 12:43:29,47.5002,-111.3008,70.68,39,0,9.22
379,Vidalia,US,2022-07-22 12:43:29,32.2177,-82.4135,78.75,89,100,4.61
380,Oktyabrskiy,RU,2022-07-22 12:43:29,54.4815,53.471,75.58,54,5,6.4
381,The Valley,AI,2022-07-22 12:43:30,18.217,-63.0578,84.09,74,40,17.27
382,Kalawit,PH,2022-07-22 12:43:30,8.0667,122.5167,79.03,87,98,1.7
383,Cockburn Town,TC,2022-07-22 12:41:14,21.4612,-71.1419,80.4,82,100,24.36
384,Aguimes,ES,2022-07-22 12:43:31,27.9054,-15.4461,83.66,61,20,36.82
385,Esperance,AU,2022-07-22 12:43:31,-33.8667,121.9,55.92,71,78,7.11
386,Little Current,CA,2022-07-22 12:43:31,45.9793,-81.9248,65.41,75,7,9.1
387,Newark,US,2022-07-22 12:40:43,40.7357,-74.1724,87.94,59,20,8.05
388,Manacor,ES,2022-07-22 12:43:32,39.5696,3.2096,99.82,39,0,10.71
389,Naryan-Mar,RU,2022-07-22 12:43:33,67.6713,53.087,60.62,45,23,8.12
390,Hami,CN,2022-07-22 12:43:33,42.8,93.45,91.6,13,0,9.19
391,Manta,EC,2022-07-22 12:38:44,-0.95,-80.7333,71.38,83,100,2.3
392,Ascension,US,2022-07-22 12:43:34,30.2169,-90.9001,77.0,100,75,5.75
393,Dingle,PH,2022-07-22 12:43:34,10.9995,122.6711,78.26,89,100,4.92
394,Chuy,UY,2022-07-22 12:43:34,-33.6971,-53.4616,56.16,88,100,4.61
395,Mtambile,TZ,2022-07-22 12:43:35,-5.3833,39.7,77.45,68,0,12.68
396,Kaka,TM,2022-07-22 12:43:35,37.3482,59.6143,108.07,10,0,11.83
397,Emba,KZ,2022-07-22 12:43:35,48.8264,58.1442,86.97,28,100,9.84
398,Weligama,LK,2022-07-22 12:43:36,5.9667,80.4167,79.14,85,99,14.83
399,Hatillo,PR,2022-07-22 12:43:36,18.4863,-66.8254,86.65,80,88,8.01
400,Salta,AR,2022-07-22 12:43:36,-24.7859,-65.4117,46.99,87,0,3.44
401,Pakokku,MM,2022-07-22 12:43:37,21.3333,95.1,91.67,55,100,5.75
402,Sungairaya,ID,2022-07-22 12:43:37,0.7,108.9,79.84,78,100,2.08
403,Gibara,CU,2022-07-22 12:43:38,21.1097,-76.1317,81.72,76,24,16.89
404,Luanda,AO,2022-07-22 12:43:38,-8.8368,13.2343,73.4,78,40,8.05
405,Kamenka,RU,2022-07-22 12:43:38,51.3223,42.7678,68.88,65,96,8.01
406,Yakeshi,CN,2022-07-22 12:43:39,49.2833,120.7333,70.09,73,5,13.27
407,Lakes Entrance,AU,2022-07-22 12:43:39,-37.8811,147.981,49.62,76,100,10.96
408,Nipawin,CA,2022-07-22 12:43:40,53.3668,-104.0009,51.84,100,0,5.75
409,Acapulco,MX,2022-07-22 12:41:04,16.8634,-99.8901,80.42,89,75,3.44
410,Baruun-Urt,MN,2022-07-22 12:43:40,46.6806,113.2792,64.04,58,100,9.48
411,Poltavka,RU,2022-07-22 12:43:41,54.3663,71.7632,70.09,46,9,11.21
412,Lompoc,US,2022-07-22 12:43:41,34.6391,-120.4579,55.53,98,100,8.05
413,Sambava,MG,2022-07-22 12:44:42,-14.2667,50.1667,73.98,72,0,14.27
414,Grenville,GD,2022-07-22 12:44:42,12.1167,-61.6167,84.25,73,99,17.92
415,Srednekolymsk,RU,2022-07-22 12:44:42,67.45,153.6833,47.08,54,3,2.51
416,Kwinana,AU,2022-07-22 12:44:43,-32.25,115.7667,58.93,86,88,11.81
417,Paamiut,GL,2022-07-22 12:44:43,61.994,-49.6678,47.44,78,0,7.31
418,Gotsu,JP,2022-07-22 12:44:43,35.0,132.2167,72.77,91,43,5.26
419,Alta Floresta,BR,2022-07-22 12:44:44,-9.8756,-56.0861,76.82,61,0,2.3
420,Inhambane,MZ,2022-07-22 12:44:44,-23.865,35.3833,76.98,69,40,8.05
421,Sakaiminato,JP,2022-07-22 12:42:03,35.55,133.2333,73.38,88,75,8.05
422,Mantua,IT,2022-07-22 12:44:45,45.1667,10.7833,97.84,16,0,5.19
423,Tikrit,IQ,2022-07-22 12:44:45,34.6071,43.6782,108.55,9,0,14.09
424,Bonavista,CA,2022-07-22 12:44:45,48.6499,-53.1147,62.51,79,100,5.59
425,Broome,US,2022-07-22 12:44:46,42.2506,-75.833,76.35,72,0,8.05
426,Ilam,NP,2022-07-22 12:44:46,26.9167,87.9167,72.37,95,100,1.59
427,Ankang,CN,2022-07-22 12:44:47,32.68,109.0172,66.99,97,53,0.6
428,Mount Isa,AU,2022-07-22 12:44:47,-20.7333,139.5,55.17,35,0,3.44
429,Upata,VE,2022-07-22 12:44:47,8.0086,-62.3989,75.2,84,93,7.25
430,Lamar,US,2022-07-22 12:44:48,33.6668,-95.5836,78.64,88,0,5.75
431,Abnub,EG,2022-07-22 12:44:48,27.2696,31.1511,97.02,15,5,18.12
432,Thinadhoo,MV,2022-07-22 12:44:49,0.5333,72.9333,81.07,76,100,8.7
433,Isangel,VU,2022-07-22 12:44:49,-19.55,169.2667,77.11,78,100,9.22
434,Bomet,KE,2022-07-22 12:44:49,-0.7813,35.3416,66.45,60,95,4.05
435,Makakilo City,US,2022-07-22 12:41:15,21.3469,-158.0858,77.32,68,0,10.36
436,Yatou,CN,2022-07-22 12:44:50,37.15,122.3833,72.28,91,100,2.01
437,Parrita,CR,2022-07-22 12:44:50,9.5201,-84.3225,74.21,96,100,2.44
438,Nelson Bay,AU,2022-07-22 12:44:50,-32.7167,152.15,63.0,70,94,8.01
439,Tabou,CI,2022-07-22 12:44:51,4.423,-7.3528,80.76,59,48,7.65
440,Vazhiny,RU,2022-07-22 12:44:51,60.9644,34.0222,82.24,35,75,7.85
441,Taltal,CL,2022-07-22 12:44:52,-25.4,-70.4833,59.29,75,98,3.38
442,Sandwick,GB,2022-07-22 12:41:27,60.0,-1.25,53.42,82,40,9.22
443,Chepo,PA,2022-07-22 12:44:52,9.1667,-79.1,79.02,94,99,3.02
444,Rockland,US,2022-07-22 12:43:25,41.1668,-74.0496,84.13,70,0,4.43
445,Mapastepec,MX,2022-07-22 12:44:53,15.4333,-92.9,76.98,89,100,1.59
446,Tolbazy,RU,2022-07-22 12:44:53,54.0241,55.8825,74.73,52,13,5.86
447,Vincennes,FR,2022-07-22 12:44:54,48.85,2.4333,79.14,71,75,5.75
448,Umuarama,BR,2022-07-22 12:44:54,-23.7664,-53.325,71.42,56,4,12.77
449,Constitucion,CL,2022-07-22 12:44:54,-35.3333,-72.4167,52.68,76,100,5.7
450,Ishigaki,JP,2022-07-22 12:44:55,24.3448,124.1572,82.53,94,20,5.75
451,Adrar,MR,2022-07-22 12:42:53,20.5022,-10.0711,95.0,34,71,6.15
452,Morrisburg,CA,2022-07-22 12:44:56,44.9001,-75.1826,75.92,62,3,9.48
453,Fazalpur,PK,2022-07-22 12:44:56,32.1833,75.0667,90.1,64,100,2.98
454,Chaman,PK,2022-07-22 12:44:56,30.9236,66.4512,101.8,8,27,8.1
455,Araouane,ML,2022-07-22 12:44:57,18.9048,-3.5265,98.26,30,3,5.23
456,Catamarca,AR,2022-07-22 12:44:57,-28.4696,-65.7852,67.42,52,0,4.38
457,Paoua,CF,2022-07-22 12:44:57,7.2427,16.4406,77.05,83,88,2.64
458,Half Moon Bay,US,2022-07-22 12:44:58,37.4636,-122.4286,58.1,89,100,6.91
459,Iranshahr,IR,2022-07-22 12:45:58,27.2025,60.6848,109.74,24,20,11.5
460,Porbandar,IN,2022-07-22 12:45:59,21.6422,69.6093,82.92,81,100,17.54
461,Pullman,US,2022-07-22 12:45:59,46.7313,-117.1796,68.85,56,0,5.99
462,Huesca,ES,2022-07-22 12:45:59,42.1362,-0.4087,96.1,34,0,5.75
463,Vanimo,PG,2022-07-22 12:46:00,-2.6741,141.3028,78.53,88,85,4.16
464,Laguna,US,2022-07-22 12:46:00,38.421,-121.4238,69.17,64,0,9.22
465,Kuopio,FI,2022-07-22 12:46:01,62.8924,27.677,78.75,57,0,10.36
466,Babra,IN,2022-07-22 12:46:01,21.85,71.3,84.22,69,100,15.59
467,Khandyga,RU,2022-07-22 12:46:02,62.6667,135.6,68.49,79,96,2.68
468,Orvault,FR,2022-07-22 12:46:02,47.271,-1.6219,73.65,28,49,8.3
469,San Matias,BO,2022-07-22 12:46:03,-16.3667,-58.4,82.51,33,48,4.14
470,Garowe,SO,2022-07-22 12:46:03,8.4054,48.4845,87.1,38,100,28.01
471,Solnechnyy,RU,2022-07-22 12:46:04,50.7214,136.6319,57.06,93,100,6.24
472,Comodoro Rivadavia,AR,2022-07-22 12:46:04,-45.8667,-67.5,31.86,51,0,16.11
473,Pavilosta,LV,2022-07-22 12:46:04,56.8879,21.1859,76.91,78,22,10.38
474,Zhuhai,CN,2022-07-22 12:44:44,22.2769,113.5678,89.38,79,0,10.36
475,Porto Torres,IT,2022-07-22 12:46:05,40.835,8.3972,95.18,45,0,8.99
476,Tadine,NC,2022-07-22 12:46:05,-21.55,167.8833,75.51,85,100,13.76
477,Rovaniemi,FI,2022-07-22 12:46:06,66.5,25.7167,72.81,43,0,12.66
478,Palaia Fokaia,GR,2022-07-22 12:46:06,37.72,23.9463,99.86,44,0,10.76
479,Poros,GR,2022-07-22 12:46:07,37.4994,23.4536,94.86,40,0,5.57
480,Tiznit,MA,2022-07-22 12:46:07,29.5833,-9.5,102.29,12,64,5.3
481,Wuwei,CN,2022-07-22 12:46:08,37.9281,102.6414,71.44,34,6,4.97
482,Waipawa,NZ,2022-07-22 12:46:08,-41.4122,175.5153,42.4,73,68,4.9
483,Tufeni,RO,2022-07-22 12:46:09,44.3667,24.7833,97.88,14,0,3.87
484,Fort Saint James,CA,2022-07-22 12:46:09,54.4333,-124.25,49.5,79,27,3.69
485,Tan An,VN,2022-07-22 12:46:10,10.5333,106.4167,82.42,88,96,6.62
486,Bereda,ES,2022-07-22 12:46:10,43.2686,-7.5406,68.41,85,93,6.69
487,Sorong,ID,2022-07-22 12:46:10,-0.8833,131.25,78.48,86,100,13.42
488,Rauma,FI,2022-07-22 12:46:11,61.1272,21.5113,75.24,74,42,15.19
489,Aksarka,RU,2022-07-22 12:46:12,66.5606,67.7975,48.29,85,100,0.65
490,Sukumo,JP,2022-07-22 12:46:12,32.9333,132.7333,73.69,89,0,8.1
491,Hammerfest,NO,2022-07-22 12:46:13,70.6634,23.6821,54.05,100,75,5.75
492,Richards Bay,ZA,2022-07-22 12:46:13,-28.783,32.0377,76.28,56,0,10.02
493,Storforshei,NO,2022-07-22 12:46:14,66.4043,14.5233,56.66,81,75,4.61
494,Ulladulla,AU,2022-07-22 12:46:14,-35.35,150.4667,54.61,79,56,2.68
495,Zyryanka,RU,2022-07-22 12:46:14,65.75,150.85,51.35,60,0,3.51
496,Codajas,BR,2022-07-22 12:46:15,-3.8367,-62.0569,80.37,79,61,2.37
497,Ban Nahin,LA,2022-07-22 12:46:15,18.2418,104.2122,75.69,96,57,2.06
498,Ponta Delgada,PT,2022-07-22 12:46:16,37.7333,-25.6667,72.32,73,20,8.05
499,Palu,ID,2022-07-22 12:46:16,-0.8917,119.8707,76.82,96,84,1.66
500,Teknaf,BD,2022-07-22 12:46:16,20.8624,92.3058,81.84,84,100,9.86
501,Havelock,US,2022-07-22 12:46:17,34.8791,-76.9013,82.94,81,52,8.59
502,Jardim,BR,2022-07-22 12:46:17,-21.4803,-56.1381,80.58,31,55,6.42
503,Ponta Pora,BR,2022-07-22 12:46:18,-22.5361,-55.7256,66.11,68,0,2.3
504,Antalaha,MG,2022-07-22 12:46:18,-14.9003,50.2788,73.26,73,7,11.54
505,Kautokeino,NO,2022-07-22 12:46:19,69.0125,23.0412,62.47,52,64,15.05
506,Ossora,RU,2022-07-22 12:47:19,59.2353,163.0719,52.48,76,0,3.76
507,Manuk Mangkaw,PH,2022-07-22 12:47:19,4.8,119.85,83.71,69,10,2.8
508,Salinopolis,BR,2022-07-22 12:47:20,-0.6136,-47.3561,82.69,74,98,7.87
509,Jiexiu,CN,2022-07-22 12:47:20,37.0244,111.9125,67.15,78,72,0.96
510,Yashkul,RU,2022-07-22 12:47:21,46.1711,45.3435,84.87,29,42,13.38
511,Shingu,JP,2022-07-22 12:47:21,33.7333,135.9833,75.9,82,0,5.82
512,Maceio,BR,2022-07-22 12:43:33,-9.6658,-35.7353,78.24,78,40,6.91
513,Mackay,AU,2022-07-22 12:47:22,-21.15,149.2,56.68,67,0,9.44
514,Ust-Koksa,RU,2022-07-22 12:47:22,50.2696,85.6108,65.19,73,0,5.1
515,Khovu-Aksy,RU,2022-07-22 12:47:23,51.1333,93.6,61.32,70,60,3.22
516,Sisimiut,GL,2022-07-22 12:47:23,66.9395,-53.6735,44.22,93,100,4.99
517,Rawson,AR,2022-07-22 12:47:23,-43.3002,-65.1023,37.65,50,100,7.07
518,Marsh Harbour,BS,2022-07-22 12:42:43,26.5412,-77.0636,83.19,72,1,13.2
519,Sioux Lookout,CA,2022-07-22 12:45:39,50.1001,-91.917,60.87,88,20,3.44
520,Guerrero Negro,MX,2022-07-22 12:46:19,27.9769,-114.0611,66.51,91,4,10.74
521,Machico,PT,2022-07-22 12:47:24,32.7,-16.7667,80.71,60,20,18.41
522,Okha,RU,2022-07-22 12:47:25,53.5739,142.9478,53.22,88,97,11.12
523,Dzhebariki-Khaya,RU,2022-07-22 12:47:25,62.2167,135.8,68.99,78,76,2.24
524,Mecca,SA,2022-07-22 12:47:25,21.4267,39.8261,101.52,26,13,13.89
525,Jumla,NP,2022-07-22 12:47:26,29.2747,82.1838,65.84,95,99,2.91
526,Namibe,AO,2022-07-22 12:47:26,-15.1961,12.1522,70.43,73,40,0.0
527,Mancio Lima,BR,2022-07-22 12:47:27,-7.6142,-72.8958,68.07,100,11,1.14
528,Khingansk,RU,2022-07-22 12:47:27,49.1167,131.1833,58.96,91,96,4.83
529,Omsukchan,RU,2022-07-22 12:47:27,62.5333,155.8,46.71,61,0,4.29
530,Shakhtinsk,KZ,2022-07-22 12:47:28,49.71,72.5872,78.64,26,100,13.58
531,Labuhan,ID,2022-07-22 12:47:28,-6.8844,112.2051,78.48,77,94,6.73
532,Cao Bang,VN,2022-07-22 12:47:29,22.6667,106.25,75.85,96,10,1.86
533,Vermilion,US,2022-07-22 12:47:29,40.1667,-87.7506,75.56,76,0,8.05
534,Roebourne,AU,2022-07-22 12:47:29,-20.7833,117.1333,73.42,75,20,11.61
535,Tiarei,PF,2022-07-22 12:47:30,-17.5333,-149.3333,71.62,79,23,12.15
536,Palmer,US,2022-07-22 12:43:49,42.1584,-72.3287,82.78,68,20,3.44
537,Sabang,ID,2022-07-22 12:47:30,5.8933,95.3214,82.67,77,100,13.31
538,Ambulu,ID,2022-07-22 12:47:31,-8.345,113.6058,75.61,83,99,2.75
539,Camacha,PT,2022-07-22 12:47:31,33.0833,-16.3333,71.02,60,75,14.97
540,Kruisfontein,ZA,2022-07-22 12:47:31,-34.0033,24.7314,68.88,39,100,10.83
541,Hovd,MN,2022-07-22 12:47:32,48.0056,91.6419,75.94,28,100,11.45
542,Alofi,NU,2022-07-22 12:47:32,-19.0595,-169.9187,66.09,94,16,1.14
543,Flagstaff,US,2022-07-22 12:43:52,35.1981,-111.6513,71.4,49,40,6.91
544,Itaberai,BR,2022-07-22 12:47:33,-16.0203,-49.8103,77.92,35,9,11.03
545,Fairbanks,US,2022-07-22 12:47:33,64.8378,-147.7164,53.6,88,100,8.05
546,Miri,MY,2022-07-22 12:47:33,4.4148,114.0089,77.14,94,40,0.0
547,Key West,US,2022-07-22 12:46:43,24.5557,-81.7826,82.4,78,100,10.36
548,Tonstad,NO,2022-07-22 12:47:34,58.6626,6.7169,72.46,70,100,6.6
549,Pocos De Caldas,BR,2022-07-22 12:47:34,-21.7878,-46.5614,67.3,46,2,4.99
550,Pyapon,MM,2022-07-22 12:47:35,16.2833,95.6833,76.46,91,100,4.74
551,Uglegorsk,RU,2022-07-22 12:47:35,49.0833,142.0333,57.76,99,100,3.65
552,Flinders,AU,2022-07-22 12:47:36,-34.5833,150.8552,55.38,90,66,7.0
553,Tura,IN,2022-07-22 12:48:36,25.5198,90.2201,77.85,94,100,2.84
554,Arman,RU,2022-07-22 12:48:36,59.7,150.1667,64.02,77,89,2.08
555,Merritt,CA,2022-07-22 12:48:37,50.1123,-120.7942,56.03,93,62,3.24
556,Buraydah,SA,2022-07-22 12:48:37,26.326,43.975,113.45,7,56,14.72
557,Mizdah,LY,2022-07-22 12:48:37,31.4451,12.9801,91.06,19,0,7.45
558,Ostrovnoy,RU,2022-07-22 12:48:38,68.0531,39.5131,67.5,77,100,6.64
559,Lormont,FR,2022-07-22 12:48:38,44.875,-0.5178,78.1,61,75,16.11
560,Tautira,PF,2022-07-22 12:48:39,-17.7333,-149.15,75.97,79,39,12.37
561,Bagdarin,RU,2022-07-22 12:48:39,54.4333,113.6,65.23,90,100,3.24
562,Oranjestad,AW,2022-07-22 12:43:41,12.524,-70.027,82.35,83,20,13.8
563,Oranjemund,NA,2022-07-22 12:48:40,-28.55,16.4333,60.58,67,35,14.9
564,Panaba,MX,2022-07-22 12:48:40,21.2833,-88.2667,79.16,83,61,7.09
565,Yerbogachen,RU,2022-07-22 12:48:40,61.2767,108.0108,66.31,64,100,4.38
566,Xuddur,SO,2022-07-22 12:48:41,4.1213,43.8894,81.21,48,100,20.62
567,Phek,IN,2022-07-22 12:48:41,25.6667,94.5,64.49,97,100,0.69
568,Kinsale,IE,2022-07-22 12:48:41,51.7075,-8.5306,67.37,55,40,11.5
569,Jiayuguan,CN,2022-07-22 12:48:42,39.8167,98.3,81.16,13,0,7.2
570,Izberbash,RU,2022-07-22 12:48:42,42.5696,47.8645,80.65,53,64,15.48
571,Pucallpa,PE,2022-07-22 12:48:43,-8.3791,-74.5539,77.29,71,97,2.1
572,Cochrane,CA,2022-07-22 12:48:12,51.1834,-114.4687,57.2,75,0,6.91
573,Sinnamary,GF,2022-07-22 12:48:43,5.3833,-52.95,80.69,79,7,5.77
574,Robertsport,LR,2022-07-22 12:48:43,6.7533,-11.3686,78.31,82,56,12.88
575,Murdochville,CA,2022-07-22 12:48:44,48.9583,-65.5006,65.28,89,100,8.28
576,Zeya,RU,2022-07-22 12:48:44,53.75,127.2667,66.06,76,0,4.74
577,Yinchuan,CN,2022-07-22 12:48:45,38.4681,106.2731,80.58,15,0,2.82
